{
    "annotations": {
        "list": []
    },
    "editable": true,
    "fiscalYearStartMonth": 0,
    "graphTooltip": 0,
    "id": null,
    "links": [],
    "liveNow": false,
    "panels": [
        {
            "datasource": "Prometheus",
            "fieldConfig": {
                "defaults": {
                    "color": {
                        "mode": "palette-classic"
                    },
                    "custom": {
                        "axisCenteredZero": false,
                        "axisColorMode": "text",
                        "axisLabel": "",
                        "axisPlacement": "auto",
                        "barAlignment": 0,
                        "drawStyle": "line",
                        "fillOpacity": 10,
                        "gradientMode": "none",
                        "hideFrom": {
                            "tooltip": false,
                            "viz": false,
                            "legend": false
                        },
                        "lineInterpolation": "linear",
                        "lineWidth": 1,
                        "pointSize": 5,
                        "scaleDistribution": {
                            "type": "linear"
                        },
                        "showPoints": "never",
                        "spanNulls": false,
                        "stacking": {
                            "group": "A",
                            "mode": "none"
                        },
                        "thresholdsStyle": {
                            "mode": "off"
                        }
                    },
                    "mappings": [],
                    "thresholds": {
                        "mode": "absolute",
                        "steps": [
                            {
                                "color": "green",
                                "value": null
                            }
                        ]
                    },
                    "unit": "reqps"
                },
                "overrides": []
            },
            "gridPos": {
                "h": 8,
                "w": 12,
                "x": 0,
                "y": 0
            },
            "id": 1,
            "options": {
                "legend": {
                    "calcs": [],
                    "displayMode": "list",
                    "placement": "bottom",
                    "showLegend": true
                },
                "tooltip": {
                    "mode": "single",
                    "sort": "none"
                }
            },
            "targets": [
                {
                    "expr": "rate(http_requests_total[5m])",
                    "legendFormat": "{{method}} {{path}}",
                    "refId": "A"
                }
            ],
            "title": "Request Rate",
            "type": "timeseries"
        },
        {
            "datasource": "Prometheus",
            "fieldConfig": {
                "defaults": {
                    "color": {
                        "mode": "thresholds"
                    },
                    "mappings": [],
                    "thresholds": {
                        "mode": "absolute",
                        "steps": [
                            {
                                "color": "green",
                                "value": null
                            },
                            {
                                "color": "red",
                                "value": 0.95
                            }
                        ]
                    },
                    "unit": "percentunit"
                },
                "overrides": []
            },
            "gridPos": {
                "h": 8,
                "w": 12,
                "x": 12,
                "y": 0
            },
            "id": 2,
            "options": {
                "orientation": "auto",
                "reduceOptions": {
                    "values": false,
                    "calcs": [
                        "lastNotNull"
                    ],
                    "fields": ""
                },
                "showThresholdLabels": false,
                "showThresholdMarkers": true
            },
            "pluginVersion": "9.0.0",
            "targets": [
                {
                    "expr": "rate(process_cpu_seconds_total[5m])",
                    "legendFormat": "CPU Usage",
                    "refId": "A"
                }
            ],
            "title": "CPU Usage",
            "type": "gauge"
        }
    ],
    "schemaVersion": 36,
    "style": "dark",
    "tags": [
        "crisis-lens"
    ],
    "templating": {
        "list": []
    },
    "time": {
        "from": "now-6h",
        "to": "now"
    },
    "timepicker": {},
    "timezone": "",
    "title": "CrisisLens Overview",
    "uid": "crisis-lens-overview",
    "version": 0,
    "weekStart": ""
}